<?xml version="1.0" encoding="UTF-8"?>
<project-private xmlns="http://www.netbeans.org/ns/project-private/1">
    <editor-bookmarks xmlns="http://www.netbeans.org/ns/editor-bookmarks/2" lastBookmarkId="0"/>
    <open-files xmlns="http://www.netbeans.org/ns/projectui-open-files/2">
        <group>
            <file>file:/home/gaurav/practice/java/NetBeans%20Project/Chat%20Messenger/src/chat/messenger/ChatMessenger.java</file>
            <file>file:/home/gaurav/practice/java/NetBeans%20Project/Chat%20Messenger/src/chat/messenger/Client_GUI.java</file>
            <file>file:/home/gaurav/practice/java/NetBeans%20Project/Chat%20Messenger/src/chat/messenger/ChatServerReturn.java</file>
            <file>file:/home/gaurav/practice/java/NetBeans%20Project/Chat%20Messenger/src/chat/messenger/AChatClient.java</file>
            <file>file:/home/gaurav/practice/java/NetBeans%20Project/Chat%20Messenger/src/chat/messenger/ChatServer.java</file>
        </group>
    </open-files>
</project-private>
